{"stats":{"minecraft:used":{"tombstone:gift":2,"minecraft:dirt":8},"minecraft:killed_by":{"mowziesmobs:umvuthana_raptor":1},"minecraft:custom":{"minecraft:jump":171,"minecraft:time_since_rest":22513,"minecraft:damage_taken":210,"minecraft:leave_game":2,"minecraft:play_time":30232,"minecraft:sprint_one_cm":24476,"minecraft:time_since_death":24232,"minecraft:walk_one_cm":22565,"minecraft:deaths":1,"minecraft:sneak_time":22,"tombstone:sneak_grave":1,"minecraft:total_world_time":30232,"minecraft:fall_one_cm":4716,"minecraft:fly_one_cm":37017},"minecraft:picked_up":{"minecraft:dirt":10},"minecraft:mined":{"minecraft:grass":2,"minecraft:grass_block":4,"minecraft:dirt":6}},"DataVersion":3120}