{"stats":{"minecraft:picked_up":{"minecraft:dirt":4},"minecraft:mined":{"minecraft:grass":2,"minecraft:grass_block":1,"minecraft:dirt":3},"minecraft:custom":{"minecraft:jump":154,"minecraft:time_since_rest":6925,"minecraft:deaths":1,"minecraft:sprint_one_cm":23178,"minecraft:play_time":14644,"minecraft:damage_taken":210,"minecraft:time_since_death":8644,"minecraft:walk_one_cm":15968,"minecraft:sneak_time":22,"tombstone:sneak_grave":1,"minecraft:total_world_time":14644,"minecraft:fall_one_cm":4716,"minecraft:fly_one_cm":36628},"minecraft:killed_by":{"mowziesmobs:umvuthana_raptor":1},"minecraft:used":{"tombstone:gift":2,"minecraft:dirt":3}},"DataVersion":3120}