{"stats":{"minecraft:picked_up":{"minecraft:dirt":8},"minecraft:mined":{"minecraft:grass":2,"minecraft:grass_block":2,"minecraft:dirt":6},"minecraft:custom":{"minecraft:jump":167,"minecraft:time_since_rest":20653,"minecraft:leave_game":1,"minecraft:deaths":1,"minecraft:sprint_one_cm":24476,"minecraft:play_time":28372,"minecraft:damage_taken":210,"minecraft:time_since_death":22372,"minecraft:walk_one_cm":21879,"minecraft:sneak_time":22,"tombstone:sneak_grave":1,"minecraft:total_world_time":28372,"minecraft:fall_one_cm":4716,"minecraft:fly_one_cm":37017},"minecraft:killed_by":{"mowziesmobs:umvuthana_raptor":1},"minecraft:used":{"tombstone:gift":2,"minecraft:dirt":7}},"DataVersion":3120}